;0
0; About AgodaAgoda is an online travel booking platform for accommodations, flights, and more. We build and deploy cutting-edge technology that connects travelers with more than 2.5 million accommodations globally. Based in Asia and part of Booking Holdings, our 6,000+ employees representing 90+ nationalities foster a work environment rich in diversity, creativity, and collaboration. We innovate through a culture of experimentation and ownership,‚ÄØenhancing the ability for our customers to experience the world.Key Areas of Focus:In this role, you‚Äôll get to: Strategy: Conduct analyses to identify growth opportunities and prioritize investment areas in APAC for Strategic Partnerships team based on analytical insights, industry trends, and changing competitive landscape.Analytics: Leverage data & tools to analyze SP performance and identify appropriate levers to improve performance.Cross-functional projects: Work with different teams inside SP (B2B, White Label, Affiliates, Financial Institutions, different markets across APAC, etc.) and outside of SP (product, marketing, supply, finance, etc.) to drive initiatives.Performance management: Maintain and optimize a performance management system for the department, including a large team of account managersData & tools: Oversee SP data infrastructure to ensure data accuracy, completeness, and timeliness. Design, manage, and oversee the maintenance of data tools to support decision making.Performance reporting: Preparing updates on business performance, proposals, and recommendations to senior management.Pricing Experiments: Optimize pricing strategy and make decisions based on A/B experiments.What you‚Äôll Need to Succeed:‚ÄØ4 years and above of experience with Consulting, Data Analytics, Strategy, Business Development, Business Intelligence, or other relevant fields Proven ability to leverage analytics and quantitative methods to break down ambiguous problems and come up with recommendations Growth mindset and excited to work on a variety of functional areasEntrepreneurial and not afraid to be hands-on‚ÄØon‚ÄØthe work Experience working in a fast-paced and high growth environment‚ÄØExcellent communication skills (both verbal and written in English) with ability to work well across multiple stakeholders‚ÄØIt‚Äôs Great if you have:‚ÄØ Ability to write in SQL a plus, or willingness to learn‚ÄØAbility to use Tableau a plus, or willingness to learn Bachelor‚Äôs degree in Statistics, Computer Science, Economics, Mathematics a plus   #STRA#ANLS#MRKT#3 #sanfrancisco #sanjose #losangeles #sandiego #oakland #denver #miami #orlando #atlanta #chicago #boston #detroit #newyork #portland #philadelphia #dallas #houston #austin #seattle #washdc #tirana #yerevan #sydney #melbourne #perth #vienna #graz #linz #baku #minsk #brussels #antwerp #ghent #charleroi #liege #saopaolo #sofia #toronto #vancouver #montreal #shanghai #beijing #shenzhen #zagreb #cyprus #prague #Brno #Ostrava #copenhagen #cairo #alexandria #giza #estonia #helsinki #paris #nice #marseille #rouen #lyon #toulouse #tbilisi #berlin #munich #hamburg #stuttgart #cologne #frankfurt #dusseldorf #dortmund #essen #Bremen #leipzig #dresden #hanover #nuremberg #athens #hongkong #budapest #bangalore #newdelhi #jakarta #bali #bandung #dublin #telaviv #milan #rome #naples #turin #palermo #venice #bologna #florence #tokyo #osaka #yokohama #nagoya #okinawa #fukuoka #sapporo #amman #irbid #riga #beirut #tripoli #vilnius #luxembourg #kualalumpur #malta #chisinau #amsterdam #oslo #jerusalem #manila #warsaw #krakow #sintra #lisbon #porto #braga #cascais #loures #amadora #almada #doha #alrayyan #bucharest #moscow #saintpetersburg #riyadh #jeddah #mecca #medina #belgrade #singapore #bratislava #capetown #johannesburg #seoul #barcelona #madrid #valencia #seville #bilbao #malaga #oviedo #alicante #laspalmas #zaragozbanga #stockholm #zurich #geneva #basel #taipei #tainan #taichung #kaohsiung #Phuket #bangkok #istanbul #ankara #izmir #dubai #abudhabi #sharjah #london #manchester #liverpool #edinburgh #kiev #hcmc #hanoi #sanaa #taiz #aden #gibraltar #marrakech #lodz #wroclaw #poznan #Gdansk #szczecin #bydgoszcz #lublin #katowice #rio #salvador #fortaleza #brasilia #belo #belem #manaus #curitiba #portoalegre #saoluis data representation data analysis SQL data analytics analytics python (programming language) data mining data science r (programming language) tableau analytical skills data visualization databases business analysis business intelligence (bi) microsoft sql server machine learning statistics power bi Equal Opportunity Employer At Agoda, we pride ourselves on being a company represented by people of all different backgrounds and orientations. We prioritize attracting diverse talent and cultivating an inclusive environment that encourages collaboration and innovation. Employment at Agoda is based solely on a person‚Äôs merit and qualifications. We are committed to providing equal employment opportunity regardless of sex, age, race, color, national origin, religion, marital status, pregnancy, sexual orientation, gender identity, disability, citizenship, veteran or military status, and other legally protected characteristics.We will keep your application on file so that we can consider you for future vacancies and you can always ask to have your details removed from the file. For more details please read our privacy policy .To all recruitment agencies: Agoda does not accept third party resumes. Please do not send resumes to our jobs alias, Agoda employees or any other organization location. Agoda is not responsible for any fees related to unsolicited resumes. 
1;" Job DescriptionAssist the ombudsman‚Äôs team with the creation of KPI‚Äôs;Assist with the BACEN mail and researches regarding the offices requests;Create internal reports;Create report to BACEN;Create queries to conduct researches regarding Shopee‚Äôs database;Conduct process automation.RequirementsIntermediate level of Microsoft Office (Excel and PowerPoint) and basic knowledge of SQL;Degree Required in Computer Science, Engineering, Business Administration or related areas. "
2; Quem Somos:A Marketdata, empresa do grupo VMLY&R que faz parte da WPP (grupo mundial de ag√™ncias que opera transforma√ß√µes em seus mercados locais e internacionais atrav√©s da aplica√ß√£o pr√°tica de solu√ß√µes criativas), √© uma das maiores consultorias de Data Driven Marketing da Am√©rica Latina.Detentora de in√∫meros pr√™mios internacionais e tamb√©m eleita por 10 vezes a Ag√™ncia do Ano pela Associa√ß√£o Brasileira de Marketing de Dados, possui uma hist√≥ria de 22 anos de sucesso pautada em inova√ß√£o, tecnologia e an√°lise profunda de dados.Somos uma empresa que valoriza as rela√ß√µes humanas, a diversidade, criatividade e toda e qualquer constru√ß√£o colaborativa.Venha ser Marketdata! =)ANALISTA DE DADOS:Principais Desafios:Analisar, questionar e atender as demandas do cliente com rela√ß√£o √† manipula√ß√£o das informa√ß√µes, automatiza√ß√£o e aperfei√ßoamento dos processos recorrentes, para assegurar a qualidade dos resultados esperados. Efetuar estudos anal√≠ticos detalhados e disponibiliz√°-las. Realizar interface com os demandantes, clientes e outras √°reas da empresa.Requisitos:Experi√™ncia com banco de dados relacionais (SQL Server, Oracle), OLAP, Processos de ETL e tratamento de dadosConhecimento em cria√ß√£o de relat√≥rios e relacionamento com o cliente para negocia√ß√£o de demandas e levantamento de requisitos.Forma√ß√£o superior completa nas √°reas atreladas a tecnologia.Modelo de trabalho: H√≠bridoO que oferecemos:. Vale Refei√ß√£o (inclusive no m√™s das f√©rias)¬∑ Vale Transporte¬∑ Assist√™ncia M√©dica¬∑ Assist√™ncia Odontol√≥gica¬∑ Seguro de Vida¬∑ Aux√≠lio Creche. PLR¬∑ Aux√≠lio Educacional. Marketdata Academy (Treinamentos mensais √† disposi√ß√£o dos colaboradores). Parcerias com diversas institui√ß√µes de ensino. Conv√™nio com Cinemark. Programa interno de orienta√ß√£o psicol√≥gica, financeira e jur√≠dica. Happy Day (day off no dia do anivers√°rio)¬∑ Gympass. Gin√°stica Laboral. Banco de Horas 
3;" Responsibilities TikTok is the leading destination for short-form mobile video. Our mission is to inspire creativity and bring joy. TikTok has global offices including Los Angeles, New York, London, Paris, Berlin, Dubai, Singapore, Jakarta, Seoul and Tokyo. Why Join UsAt TikTok, our people are humble, intelligent, compassionate and creative. We create to inspire - for you, for us, and for more than 1 billion users on our platform. We lead with curiosity and aim for the highest, never shying away from taking calculated risks and embracing ambiguity as it comes. Here, the opportunities are limitless for those who dare to pursue bold ideas that exist just beyond the boundary of possibility. Join us and make impact happen with a career at TikTok.The Governance and Experience team is a global team responsible for ensuring that our platform provides a safe, welcoming, and enjoyable experience for our Merchants, Creators and our community. We value user satisfaction and work on policies, rules and systems to ensure quality. As an Anti-fraud Investigation Specialist, you will be responsible for monitoring anomalies, and responding to escalations and appeals. You will also perform root cause analysis to determine gaps in product and processes. Subsequently, to also collaborate on workflow optimization to resolve pain points. - Actively investigate and analyse patterns of fraudulent transactions and abusive conduct in a timely manner to protect the integrity of the platform- Identify patterns of abuse, and perform root cause analysis to determine the specific methods and motive of exploitation- Providing investigation insights to customer facing teams, and support de-escalation of customer feedback- Conduct risk reviews for business activities, and provide subject matter support before, during, and after activity. - Respond to requests from law enforcement and regulatory agencies, and collate necessary information for submission- Responsible to triage, manage, and escalate any fraud incidents- Perform other ad-hoc tasks related to fraud operations Qualifications - Minimum of 2 years professional experience in operation and investigation related to fraud, abuse, or cybercrime.- Detail-oriented and highly analytical, with an ability to understand complex relationships among large datasets- Strong ability to gather information from various sources to substantiate investigation hypotheses;- Work well under pressure, and can prioritize high impact escalations- A local language with fluency in English as a mustTikTok is committed to creating an inclusive space where employees are valued for their skills, experiences, and unique perspectives. Our platform connects people from across the globe and so does our workplace. At TikTok, our mission is to inspire creativity and bring joy. To achieve that goal, we are committed to celebrating our diverse voices and to creating an environment that reflects the many communities we reach. We are passionate about this and hope you are too. "
4;" Sobre o banco BVUm banco nacional, o 5¬∫ maior banco privado do Brasil (ranking Banco Central). Estamos em constante evolu√ß√£o e constru√≠mos #parcerias de sucesso para entregarmos nosso prop√≥sito de tornar mais tranquila a vida financeira de pessoas e empresas. A nossa cultura √© simples e √°gil. Somos informais nas rela√ß√µes, valorizamos a inova√ß√£o e atuamos em um ambiente descontra√≠do e cada vez mais colaborativo. Se identificou? Ent√£o venha trabalhar com a gente!Se voc√™ tem interesse em conhecer o mundo da transforma√ß√£o digital e √© um apaixonado pela busca de resultados por meio de suas habilidades, nosso papo √© com voc√™!D√° Uma Olhada Nos Desafios Que Te EsperamDesenvolver modelos matem√°ticos/estat√≠sticos para o ciclo de cr√©dito (Application scoring- Concess√£o, Behaviour Scoring - Manuten√ß√£o, Par√¢metros para c√°lculo de perda esperada ‚Äì PD, LGD, EAD) usando diferentes algoritmos de machine learning aplic√°veis ao universo de risco de cr√©dito.Garantir a aplicabilidade dos modelos interagindo constantemente com os times de estrat√©gias/pol√≠ticas, riscos e motores de decis√£o. Garantir o monitoramento dos modelos, definindo os principais triggers que sinalizam a deteriora√ß√£o dos modelos. Identificar e propor novas aplica√ß√µes de Ci√™ncia de Dados.Intera√ß√£o com os Bureaus de cr√©dito e outros fornecedores para melhoria cont√≠nua dos modelos.Participa√ß√£o em f√≥runs internos atuando como disseminador da cultura data driven e respons√°vel pelo pilar de modelagem. E a√≠, se identificou? Agora gostar√≠amos de saber se voc√™ tem o perfil e os conhecimentos abaixo:Perfil cr√≠tico, anal√≠tico e data driven;Colaborativo, disposto a aprender e a ensinar;Superior em Estat√≠stica, Matem√°tica, F√≠sica, Sistemas de Informa√ß√£o, Ci√™ncia da Computa√ß√£o, Economia ou Engenharias.Experi√™ncia com a manipula√ß√£o de grandes bancos de dados (SQL e NoSQL).Experi√™ncia pr√°tica na aplica√ß√£o de diferentes algoritmos de Machine Learning;Profici√™ncia na utiliza√ß√£o de algum dos seguintes softwares: Python, PySpark , R ou SAS;S√≥lidos fundamentos de matem√°tica e estat√≠stica;DiferenciaisExperi√™ncia em modelagem de Risco de Cr√©dito;Conhecimento em IFRS9 e modelagem de perda esperada.Bons conhecimentos de ferramentas de processamento distribu√≠do (Spark);Experi√™ncia em deploy e acompanhamento de modelos de Machine Learning.Conhecimento em ferramentas de visualiza√ß√£o. "
5;                   Crossover is the world's #1 source of full-time remote jobs. Our clients offer top-tier pay for top-tier talent. We're recruiting this role for our client, Trilogy. Have you got what it takes?We do not believe in hiring consultants. Imagine taking your car to the repair shop for a fix, and they only have a consulting mechanic who recommends that you replace your carburetor. Who is going to do that? When we have problems with our business, we value people who can fix them and not just make pitch decks and general recommendations.Trilogy has an ever-growing portfolio of 80+ software products spanning multiple industries and geographies. We have different business units that own these products, and Trilogy hosts business-critical functions such as finance, customer support, and hiring for all these business units. In this role, you will work with the senior stakeholders across the business units and functions to help solve the problems they face. For instance, you may work with the SVP of Finance to hire qualified accountants in one week and work with the CIO to evaluate M&A targets using a scalable model the following week.We are looking for exceptional problem solvers and brilliant thinkers to join our team. Unlike other companies, we do not judge you by arbitrary stamps, such as whether you graduated from X university or worked in a 'top' consulting firm. We want problem solvers who enjoy taking on the challenge of solving complex problems, dive deep to find the root causes of these issues, and propose and implement fixes that solve them.If you are interested in solving complex problems while gaining unparalleled experience working across business functions and units, apply today!What You Will Be DoingConduct research and analysis to find creative solutions for issues with real business impact.Execute assignments aiming to improve the efficiency of different functions, such as Operations, Hiring, M&A, and more.What You Won‚Äôt Be DoingProvide high-level insights and recommendations - we want implementers, not consultants.Develop theoretical scenarios and try to sell potential insights to management - you will work on real business problems with real solutions.Data Analyst Key ResponsibilitiesSolve the most complex issues facing the organization.Basic RequirementsBachelor‚Äôs degree in a quantitative field (e.g., Economics, Finance, Mathematics, Engineering).5+ years of work experience.Interest in solving real-world problems across a broad range of functions.About TrilogyHundreds of software businesses run on the Trilogy Business Platform. For three decades, Trilogy has been known for 3 things: Relentlessly seeking top talent, Innovating new technology, and incubating new businesses. Our technological innovation is spearheaded by a passion for simple customer-facing designs. Our incubation of new businesses ranges from entirely new moon-shot ideas to rearchitecting existing projects for today's modern cloud-based stack. Trilogy is a place where you can be surrounded with great people, be proud of doing great work, and grow your career by leaps and bounds.There is so much to cover for this exciting role, and space here is limited. Hit the Apply button if you found this interesting and want to learn more. We look forward to meeting you!Working with CrossoverThis is a full-time (40 hours per week), long-term position. The position is immediately available and requires entering into an independent contractor agreement with Crossover. The compensation level for this role is $50 USD/hour, which equates to $100,000 USD/year assuming 40 hours per week and 50 weeks per year. The payment period is weekly. Consult www.crossover.com/help-and-faqs for more details on this topic.What to expect next:You will receive an email with a link to start your self-paced, online job application.Our hiring platform will guide you through a series of online ‚Äúscreening‚Äù assessments to check for basic job fit, job-related skills, and finally a few real-world job-specific assignments.Important! If you do not receive an email from us:First, emails may take up to 15 minutes to send, refresh and check again.Second, check your spam and junk folders for an email from Crossover.com, mark as ‚ÄúNot Spam‚Äù since you will receive other emails as well.Third, we will send to whatever email account you indicated on the Apply form - by default, that is the email address you use as your LinkedIn username and it might be different than the one you have already checked.If all else fails, just reset your password by visiting https://www.crossover.com/auth/password-recovery if you already applied using LinkedIn EasyApply. Crossover Job Code: LJ-3649-BR-Divin√≥po-DataAnalyst 
6; Love sports?Do you speak English?We're looking for someone like you!Job type - Contract based (Not part-time or full-time)Get to know us - https://geniussports.com/statisticians-network/This is an opportunity for exciting and fast-paced work as a Football Statistician.If you enjoy sports and would like to become a part of the sports industry, this could be your chance! You will get thorough training in using the company software which is used for entering the data to provide the best analyses of the game possible.Requirements:You are reliable, committed, organized, and honestAbove-average Football knowledge with regard to the Laws of the Game, basic tactics, and jargonRegular availability on weekends and weekday eveningsRegular internet accessAccess to Skype and YouTube for meetings and training toolsInterested and want to learn more?Tell us a bit about yourself and we'll be in touch with you for more information. 
7;" Responsibilities TikTok is the leading destination for short-form mobile video. Our mission is to inspire creativity and bring joy. TikTok has global offices including Los Angeles, New York, London, Paris, Berlin, Dubai, Singapore, Jakarta, Seoul and Tokyo. Why Join UsAt TikTok, our people are humble, intelligent, compassionate and creative. We create to inspire - for you, for us, and for more than 1 billion users on our platform. We lead with curiosity and aim for the highest, never shying away from taking calculated risks and embracing ambiguity as it comes. Here, the opportunities are limitless for those who dare to pursue bold ideas that exist just beyond the boundary of possibility. Join us and make impact happen with a career at TikTok.The Governance and Experience team is a global team responsible for ensuring that our platform provides a safe, welcoming, and enjoyable experience for our Merchants, Creators and our community. We value user satisfaction and work on policies, rules and systems to ensure quality. - Apply investigational and analytic skills to monitor, audit, and analyze potential fraudulent cases and produce root cause analysis report with value-added risk mitigation suggestions;- Collaborate with other teams to evaluate the efficiency of existing tools, processes, and models related to fraud management;- Understand the trends and intelligence of fraudulent activities in each local market and build corresponding mechanisms to mitigate fraud;- Define key performance metrics and build detailed reporting models for effective tracking, reporting, and feedback on measures implemented;- Drive process implementation and improvement that streamlines determination of fake orders, incentive abuse, and/or other types of fraud;- Communicate findings and complex results to key stakeholders and manage timeline of mitigation projects.kShufen1991 Qualifications - Bachelor's degree or above with a background in Computer Science, Business Analytic, Math, Statistics, or related field ;- Strong data analysis and correlation skills with ability to work through complex and unfamiliar data sets and able to derive the characteristics of different scenarios;- Comfortable in a matrix organization and to drive cross-functional and cross-regional collaborations;- Strong attention to detail and ability to notice discrepancies in data;- Experience with SQL and analytical tools (SAS, R, Python) is a must;- Experience with AI and machine learning is a plus;- Familiarity with risk and fraud in Ecommerce fields is a strong plus;- Past experience working in SEA or EU market is highly preferred;TikTok is committed to creating an inclusive space where employees are valued for their skills, experiences, and unique perspectives. Our platform connects people from across the globe and so does our workplace. At TikTok, our mission is to inspire creativity and bring joy. To achieve that goal, we are committed to celebrating our diverse voices and to creating an environment that reflects the many communities we reach. We are passionate about this and hope you are too. "
8;" Se voc√™ gosta de se conectar com as pessoas, tem paix√£o por criar solu√ß√µes inovadoras, repletas de tecnologia e gosta de celebrar muito (por aqui adoramos comemorar as conquistas) chegou na melhor oportunidade! Vem com a gente! #VemserImpar√°velüëä‚òÄÔ∏è Como ser√° o seu dia?Participar no desenvolvimento e an√°lise de relat√≥rios de vendas e despesas da √°rea ComercialCriar, manter, atualizar e analisar relat√≥rios e dashboards gerenciais, de forma automatizadaGarantir o fluxo de informa√ß√µes para suporte as decis√µes t√°ticas e estrat√©gicasParticipar da elabora√ß√£o do Budget de Vendas e de Despesas da √°rea ComercialAcompanhar, analisar e elaborar as explica√ß√µes das principais varia√ß√µesGarantir a correta aloca√ß√£o das despesasPropor otimiza√ß√£o de processos, relat√≥rios e dados utilizados pela √°reaApoiar as √°reas da Comercial com an√°lises de oportunidadesInteragir com as demais √°reas da empresa garantindo que o fluxo de informa√ß√£o apoie as decis√µes estrat√©gicasüí° O que voc√™ precisa saber?Perfil anal√≠tico com capacidade de s√≠ntese e an√°lise cr√≠tica de dadosPossua senso de organiza√ß√£o, pr√≥-atividade nas entregasHabilidade para realizar an√°lises estrat√©gicasSer comunicativo e ter bom relacionamentoSenso cr√≠tico e anal√≠ticoForma√ß√£o Superior completoTer Excel Avan√ßadoNossa proposta de valor inclui benef√≠cios pensados para o bem-estar das nossas pessoas, com op√ß√µes flex√≠veis que permitem uma vida com mais plenitude, confira:üìç Local de trabalho: Pinheiros-SP;‚è∞Modelo de trabalho: h√≠brido com hor√°rio flex√≠vel, de acordo com a pol√≠tica interna;üçîVR ou VA: Para quem gosta de cozinhar a pr√≥pria comida, oferecemos Vale Alimenta√ß√£o! Prefere pedir a comida em casa mesmo? Temos Vale Refei√ß√£o;ü§ëPLR Anual;üèãÔ∏è‚Äç‚ôÇÔ∏èQualidade de Vida: Temos! Nossos parceiros te ajudam a ter uma vida melhor: Gympass, Creditas, Nav, entre outros;üöëSa√∫de: Oferecemos Assist√™ncia M√©dica Bradesco com coparticipa√ß√£o e Plano Odontol√≥gico (ambos extens√≠veis aos dependentes legais);üë©üèª‚ÄçüíªTelemedicina: Voc√™ poder√° realizar consultas online, via chamada de v√≠deo com m√©dicos dispon√≠veis 24h por dia e 7 dias na semana;üß°Seguro de Vida;üë∂Licen√ßa paternidade estendida e programa de acompanhamento de gestantes;üç∞Todo mundo faz anivers√°rio e, j√° que voc√™ est√° de parab√©ns, que tal um dia de folga? Oferecemos o Birthday Off;ü•Ç Escrit√≥rio para intera√ß√µes: Realizamos v√°rios eventos especiais! Que tal participar do #BotecodaFleet?üè°Aux√≠lio Home Office: contamos com o cart√£o 4Work para te ajudar nas despesas de seu home office;üëïNo Dress Code: por aqui n√£o temos formalidades;üöóE para completar, a mensalidade do Sem Parar √© por nossa conta!E a√≠, quer construir o seu futuro com a gente? ü§©üöÄ‚ôø Lembramos que nossas oportunidades s√£o para todos. No Sem Parar voc√™ encontra um ambiente diverso, com respeito e empatia, em que cuidamos dos nossos #impar√°veis.Somos um grupo inclusivo e com uma cultura que valoriza o potencial das pessoas! "
9;" About The TeamThe Data & Analytics team plays a critical role in conducting close-loop data-driven business iterations. The team collaborates closely with Marketplace‚Äôs internal stakeholders to understand their requirements and deliver actionable insights to shape business strategy.Our scope of work is not limited to the development of solutions and data products, such as dashboards, reports, and datasets focused on monitoring and reporting results. We have a role in facilitating problem-solving processes, actively seeking process efficiency and solutions to help play a role in critical, high-impact changes to the business.Job DescriptionConduct in-depth close-loop data analysis based on squad‚Äôs related data;Partner with cross-functional stakeholders to design data solutions and pipelines that can drive the greatest impact (e.g. process optimization, driving business insights);Work with large datasets to problem-solve, identify key business issues or opportunities, construct hypotheses, and investigate the ‚Äúwhy‚Äù behind trends and observations;Drive visibility into business performance by defining and monitoring key business metrics;Communicate and present insights to key stakeholders and senior management;Drive decisions and controls by providing effective dashboards, visualizations, and reports;Mentor technically less experienced team members;Improve data literacy across the enterprise by teaching and sharing best practices;Ability to grasp new ideas, complete tasks with minimal supervision, prioritize, organize or re-organize work, and manage time efficiently and effectively;Professional and accountable work ethic.RequirementsExperience in analytical roles;Knowledge in SQL is a must and Python is desirable;Comfortable working with large data sets and numbers;Knowledge in data warehousing, ETL/ELT process, and big data ecosystem (Hadoop, Spark, Hive) is preferred;Experience working with data visualization tools to report data and drive insights;A good understanding of Data Analysis and Analytics frameworks is a plus;Written and verbal English communication skills with the ability to present complex data and information in a clear and concise manner to a variety of audiences, including executives and technical/non-technical leaders;Thrives in a dynamic work environment, able to prioritize tasks by understanding short term and long term business goals;Have good interpersonal skills and is comfortable in engaging stakeholders from different levels. "
10;" General information  All posting locations  S√£o Paulo, S√£o Paulo, Brazil Job Function  05 - Marketing Date Published  04-Jan-2023 Ref #  R-64916Description & Requirements Martech & Data Analyst - Vaga Afirmativa para Pessoas Pretas Voc√™ sonha grande e deseja uma carreira na qual voc√™ possa exercer impacto real sobre o neg√≥cio?Na KraftHeinz voc√™ pode! E tamb√©m √© protagonista da sua carreira. Segundo a √âpoca Neg√≥cios- estamos entre as 10 melhores empresas de Desenvolvimento de Carreira! SOBRE A EMPRESA N√≥s trabalhamos para tornar a vida das pessoas deliciosas com muita dedica√ß√£o e paix√£o. Acreditamos que isso s√≥ √© poss√≠vel atrav√©s de um time cada vez mais diverso e plural.A Kraft Heinz tem com um dos seus pilares a diversidade! Acreditamos que as diversas origens e perspectivas nos tornam mais fortes- mais interessantes e mais inovadores.Para refor√ßar nosso compromisso com a diversidade e fazer o melhor todos os dias- nossas vagas priorizam pessoas pretas e pardas- mulheres e pessoas com defici√™ncia. Investimos em nossas pessoas e queremos que sejam elas aqui dentro.E al√©m disso- para firmar nosso comprometimento com a sociedade somos parceiros do MOVER- acreditamos que podemos ser agentes transformadores por um futuro com oportunidades igualit√°rias √† todas as pessoas.CONHE√áA NOSSOS VALORESEles s√£o nossas cren√ßas e princ√≠pios mais √≠ntimos e nos inspiram a sermos excelentes.N√≥s somos obcecados pelo consumidorN√≥s ousamos fazer melhor todos os diasN√≥s motivamos a excel√™ncia em todo nosso timeN√≥s demandamos diversidadeN√≥s fazemos a coisa certaN√≥s agimos como donosDeu match com o nosso DNA? Ent√£o vem tornar a vida das pessoas mais deliciosas com a gente! Veja essa oportunidade que temos para voc√™. PRINCIPAIS RESPONSABILIDADES Gerir e analisar todo o fluxo de dados vindo de ativa√ß√µes de marketing- estrutura√ß√£o das informa√ß√µes dispon√≠veis e Desenvolvimento de estudos de perfil e de comportamento do consumidor e recomenda√ß√µes com os resultados obtidos nos estudos. An√°lise de dados e indicadores- bem como modelagem de base de dados e estrutura√ß√£o das informa√ß√µes dispon√≠veis sobre campanhas de marketing; Desenvolvimento de estudos de perfil e de comportamento do consumidor e recomenda√ß√µes de clusteriza√ß√£o para campanhas; Constru√ß√£o de relat√≥rios de performances- mensagem e jornada de usu√°rio atrav√©s dos dados rastreados entre o envio da campanha at√© a compra do produto e Constru√ß√£o de Dashboards para acompanhamento dos KPIS; Desenvolvimento da estrat√©gia de CRM- baseado em estudos e dados; Auditoria de LGPD. PR√â REQUISITOS E HABILIDADES  Ensino Superior Completo Conhecimentos Data Studio- Google Analytics Pacote Office avan√ßado- principalmente excel. Ingl√™s avan√ßado Diferencial CDP e SQL Organiza√ß√£o Relacionamento interpessoal Senso Anal√≠tico Resili√™ncia Sentimento de donoBenef√≠cios compat√≠veis com o mercado- com diferencial Short Friday todas as sextas!About UsThe Kraft Heinz Company is one of the largest food and beverage companies in the world, with eight $1 billion+ brands and global sales of approximately $25 billion. We‚Äôre a globally trusted producer of high-quality, great-tasting, and nutritious foods for over 150 years. Our brands are truly global, with products produced and marketed in over 40 countries. These beloved products include condiments and sauces, cheese and dairy, meals, meats, refreshment beverages, coffee, infant and nutrition products, and numerous other grocery products in a portfolio of more than 200 legacy and emerging brands.No matter the brand, we‚Äôre united under one vision To sustainably grow by delighting more consumers globally. Bringing this vision to life is our team of 39,000+ food lovers, creative thinkers, and high performers worldwide. Together, we help provide meals to those in need through our global partnership with Rise Against Hunger. We also stand committed to responsible, sustainable practices that extend to every facet of our business, our consumers, and our communities. Every day, we‚Äôre transforming the food industry with bold thinking and unprecedented results. If you share our passion ‚Äì and are ready to create the future, build a legacy, and lead as a global citizen ‚Äì there‚Äôs only one thing to do join our table and let‚Äôs make life delicious!Our Culture of Ownership, Meritocracy and CollaborationWe're not afraid to think differently. Embrace new ideas. Dream big. We empower our people at every level ‚Äì from entry-level intern to senior leader ‚Äì to own their work. We share a responsibility to think like Owners ‚Äì to be mindful of the collective and sustained success of Kraft Heinz ‚Äì which we apply to every situation, every day.As part of Kraft Heinz, you're supported to grow and achieve. You‚Äôre expected to bring your authentic self to work every day, to lead with humility, and drive outstanding performance at every level ‚Äì and you‚Äôll be rewarded. You‚Äôre given opportunities to leave a mark and build a legacy. But you won‚Äôt do it alone. You‚Äôre supported by passionate teammates along the way, and our collective, collaborative spirit fuels our incredible progress. "
11;"                   Como parte do time de Sales & Growth, voc√™ ter√° um papel fundamental em aumentar a efici√™ncia e dar suporte ao crescimento de nossos canais de vendas, garantindo a confiabilidade de nossas fontes de dados, realizando an√°lises baseadas em dados, criando KPIs e nos ajudando a automatizar processos.Somos uma equipe multifacetada com um forte senso de neg√≥cio, vis√£o empreendedora e focada em criar e dar vida a ideias. Voc√™ ir√° nos ajudar a construir solu√ß√µes incr√≠veis para os nossos clientes e far√° parte de um ambiente colaborativo, desafiador e - √© claro - se divertindo no processo ;)O que voc√™ vai fazerEstruturar datasets e definir processos para melhor coleta e uso dos dados, possibilitando uma cultura data-drivenMapear, revisar e automatizar processos para melhorar a confiabilidade e diminuir a carga de trabalho manualConstruir KPIs, relat√≥rios e dashboards para as principais m√©tricas de neg√≥cios da SumUp (payback, net revenue, etc) usando SQL, Python e ExcelVoc√™ ser√° uma √≥tima pessoa para este cargo seTiver pelo menos 2 anos de experi√™ncia com atividades relacionadas √†s descritas acimaTiver autonomia, for uma pessoa orientada para resultados e m√£o na massa, com √≥timas habilidades para resolu√ß√£o de problemasTiver SQL avan√ßado e Python intermedi√°rioTiver Google Sheets/Excel avan√ßadoTenha experi√™ncia lidando com grandes datasetsEstiver empolgado em fazer parte da atmosfera empreendedora, din√¢mica e de alta responsabilidade de uma fintech em crescimentoTiver ingl√™s b√°sicoTiver conhecimento de ferramentas de visualiza√ß√£o de dados (Tableau ou PowerBI, por exemplo)Por que voc√™ deve se juntar √† SumUpFa√ßa parte de uma empresa que vive e respira para ajudar pequenos comerciantes em todo o mundo a cresceremSomos uma equipe verdadeiramente global de mais de 3.000 pessoas de mais de 60 pa√≠sesTer total autonomia (de verdade!) para propor e implementar mudan√ßas que v√£o melhorar nosso neg√≥cioTenha acesso a todas as nossas vantagens e benef√≠cios: plano de sa√∫de, assist√™ncia odontol√≥gica, vale refei√ß√£o/alimenta√ß√£o (Caju), Gympass, seguro de vida e previd√™ncia privada.Sobre n√≥sAcreditamos que qualquer pessoa deveria ser capaz de abrir o seu pr√≥prio neg√≥cio. N√≥s ajudamos micros e pequenos neg√≥cios com leitores de cart√£o f√°ceis de usar e um atendimento sensacional ao cliente, para que essas pessoas possam se dedicar a rodar o seu pr√≥prio neg√≥cio e se aproximar de seus clientes. Fazemos isso com um cuidado genu√≠no por pessoas e com amor por nossos produtos. Ao tirar a burocracia dos processos de pagamentos, n√≥s empoderamos pequenos empreendedores para que o seu foco seja em fazer o que amam. Somos mais de 2.000 SumUppers em todo o mundo e mais de 850 s√≥ no Brasil.Job Application TipWe recognise that candidates feel they need to meet 100% of the job criteria in order to apply for a job. Please note that this is only a guide. If you don‚Äôt tick every box, it‚Äôs ok too because it means you have room to learn and develop your career at SumUp. "
12;" DescriptionVoc√™ na DeloitteNa Deloitte, buscamos pessoas que queiram gerar impactos positivos todos os dias. Impulsionamos talentos para que possam se desenvolver em um ambiente colaborativo, com times diversos e que tragam energia, empoderamento, intera√ß√£o e conex√µes. O nosso crescimento √© exponencial porque os talentos que recrutamos possuem os nossos valores em suas ess√™ncias. Liderar o caminho, fomentar a inclus√£o, colaborar para mensurar impactos, servir com integridade e cuidar uns dos outros s√£o pontos essenciais e inegoci√°veis para fortalecer ainda mais o nosso prop√≥sito.Voc√™ ter√° a oportunidade de evoluir sua carreira na maior organiza√ß√£o de servi√ßos profissionais do mundo atuando Assistente de Pesquisa PCD no time de Marketing Development.Na sua rotina, voc√™ ir√°:Dar suporte na elabora√ß√£o de question√°rios e roteiros de entrevistas;Monitorar quantidade de respostas;Tabular e analisar dados coletados;Analisar os dados de comunica√ß√£o (apresenta√ß√µes, releases, v√≠deos, postagens nas redes sociais, relat√≥rio, etc.) de cada projeto;Contribuir com analise os resultados da pesquisa e gera√ß√£o de insights;Escrever relat√≥rios e criar apresenta√ß√µes com resultados de pesquisa;Aprender sobre metodologias de pesquisa e como elas se aplicam;Conversar com clientes internos, externos e parceiros de projetos;Cuidar da documenta√ß√£o de LGPD e privacidade de dados das pesquisas.Acreditamos na for√ßa dos talentos que preparamos. Eles transformam de fato, impactam organiza√ß√µes, impulsionam mais talentos e criam oportunidades. Que tal fazer parte da maior organiza√ß√£o de servi√ßos profissionais do mundo? Escolha seu impacto.RequirementsO que precisa para voc√™ se candidatar √† vaga?Gradua√ß√£o em Economia, Comunica√ß√£o, Administra√ß√£o, Engenharia, Publicidade e Propaganda, Marketing, Ci√™ncias Sociais, entre outros;Pacote Office, em especial Power Point e Excel;Facilidade para trabalho em equipe;Habilidade de analisar os dados e as informa√ß√µes (capacidade anal√≠tica);Boa comunica√ß√£o oral e escrita, se expressar de forma clara e objetiva;Vontade de aprender, se envolver nos projetos e na equipe;Boa organiza√ß√£o;Ingl√™s intermedi√°rio.O que estar√° dispon√≠vel para voc√™?Desenvolvimento profissionalUniversidade Corporativa Acesso a plataformas online de aprendizado, como Udemy, Linkedin Learning e Get Abstract EduPass - Plataforma que re√∫ne diversas institui√ß√µes de ensino fornecendo descontos exclusivos para profissionais Deloitte e seus dependentes GoFluent - Biblioteca e-Learning com mais de 7.500 conte√∫dos e cerca de 60 cursos divididos por n√≠vel, √°rea de atua√ß√£o, habilidades profissionais e interesses Plano de carreira estruturado, com mentoria de profissionais da Deloitte por meio de um coach Cuidados com o seu bem-estarVitta e Einstein Conecta - Servi√ßos de telemedicina Family Strategy ‚Äì Programa destinados √†s profissionais gestantes e futuros papais Digital Workplace ‚Äì Flexibilidade do local de trabalho Gympass Dia de folga no m√™s do seu anivers√°rio Prime Pass - desconto no valor do ingresso para acesso a cinema em todo o Brasil Servi√ßo Care - Canal de apoio psicol√≥gico Servi√ßo Social YOU Club - voc√™ contar√° com servi√ßos de beleza, cuidados pessoais e bem-estar com pre√ßos incr√≠veis Benef√≠ciosAssist√™ncia m√©dica e odontol√≥gica* Participa√ß√£o nos lucros Seguro de vida* Vale refei√ß√£o / alimenta√ß√£o* Aux√≠lio-internet Pacote de benef√≠cios flex√≠veis: voc√™ pode escolher dentre as op√ß√µes as que melhor se adequam √†s suas necessidades de acordo com as regras do programa.Oportunidade de fazer parte de uma cultura inclusivaTodos podem ser quem realmente s√£o com oportunidades iguais de crescimento. Para refor√ßar esse compromisso, desenvolvemos a estrat√©gia global ALL IN com os 8 pilares ‚Äì Origens, Jovem Aprendiz, STEM, Delas, LGBT+, Inclui, No Borders e Gera√ß√£o 50+.Destacamos que todas as nossas vagas est√£o abertas ao p√∫blico PcD. Esperamos voc√™ neste time! "
13;" Job DescriptionApoiar em projetos de dados desde o mapeamento de requisitos, at√© a modelagem do banco e disponibiliza√ß√£o dos dados;Contribuir para o design, documenta√ß√£o, manuten√ß√£o, monitoramento e otimiza√ß√£o de nossos c√≥digos e ferramentas de dados;Identificar oportunidades de melhorias na nossa plataforma de ETL/ELT;Traduzir as necessidades do neg√≥cio em solu√ß√µes alinhadas com as ferramentas e estrat√©gias da plataforma de dados;Identificar falhas nos processos de pagamentos.RequirementsConhecimento em processos de pagamentos (m√©todo de pagamento, reconcilia√ß√£o, reembolso, chargeback, ajuste de carteira)Linguagem SQL avan√ßado ‚Äì capaz de desenvolver e organizar c√≥digos para solu√ß√£o de problemas com alta complexidade.Conhecimento em ferramentas de visualiza√ß√£o de dados como Looker, Power BI, Tableau, etc. "
14;                   As part of Client Onboarding team you will produce periodic reports, develop metrics, run controls and identify opportunities for automation in order to support global Client Onboarding activities.Job Responsibilities Prepare periodic and Ad hoc reports to support global Client Onboarding activities and participate in special projects as requested.  Participate in the design and development of dashboards that lead to data-driven decisions.  Identify opportunities to automate current processes and reports.  Work with internal partners and report to managers in a global team environment.  In-depth knowledge of procedures and systems to ensure client records are compliant with all applicable rules, with focus on process improvements.  Ad-Hoc requests from Senior Management.  Precisely share the information with the right audience and understand the incoming needs and anticipate data requirements. Required Qualifications, Capabilities And Skills University degree. (Engineering, Computer Science, Actuarial Science, Economy, Business Administration or equivalent).  Fluent in English is mandatory, both written and verbally. Other languages are a plus.  Strong data visualization skills.  Knowledge of MS Excel and Office suit.  Be flexible, adaptable and eager to learn.  Ability to work maintaining attention to detail and applying best practices.  Work independently with self-prioritization and attention to deadlines.  Ability to engineer and enhance operational processes.  Strong control mindset. Preferred Qualifications, Capabilities, And Skills Excellent verbal, written and interpersonal communication skills  Highly organized, proactive and motivated with strong prioritization skills, innovation and problem-solving skills, and a control mindset, with the ability to deliver value-added support to business partners and clients in a timely and accurate manner.  Knowledge of any programming language is a plus (SQL, R, Python,) as well as experience with automation tools such as Alteryx and visual analytics platforms such as Tableau, or Power BI.  Sense of urgency/ability to work well under pressure and tight deadlines.  Demonstrates flexibility and willingness to accept new assignments and challenges in a rapidly changing environment, as well as handling multiple tasks and changing priorities on a daily basis. J.P. Morgan is a global leader in financial services, providing strategic advice and products to the world's most prominent corporations, governments, wealthy individuals and institutional investors. Our first-class business in a first-class way approach to serving clients drives everything we do. We strive to build trusted, long-term partnerships to help our clients achieve their business objectives.We recognize that our people are our strength and the diverse talents they bring to our global workforce are directly linked to our success. We are an equal opportunity employer and place a high value on diversity and inclusion at our company. We do not discriminate on the basis of any protected attribute, including race, religion, color, national origin, gender, sexual orientation, gender identity, gender expression, age, marital or veteran status, pregnancy or disability, or any other basis protected under applicable law. In accordance with applicable law, we make reasonable accommodations for applicants' and employees' religious practices and beliefs, as well as any mental health or physical disability needs. 
15; Sobre o NubankO Nubank foi fundado em 2013 para libertar as pessoas de um sistema financeiro burocr√°tico, lento e ineficiente. Desde ent√£o, por meio de tecnologia inovadora e excelente atendimento ao cliente, a empresa vem redefinindo o relacionamento das pessoas com o dinheiro em toda a Am√©rica Latina. Com opera√ß√µes no Brasil, M√©xico e Col√¥mbia, o Nubank √© hoje uma das maiores plataformas de servi√ßos financeiros e empresas de tecnologia do mundo.Hoje, o Nubank √© uma empresa global, com escrit√≥rios em S√£o Paulo (Brasil), Cidade do M√©xico (M√©xico), Buenos Aires (Argentina), Bogot√° (Col√¥mbia), Durham (Estados Unidos) e Berlim (Alemanha). Foi fundado em 2013 em S√£o Paulo, pelo colombiano David V√©lez, e tem como cofundadores a brasileira Cristina Junqueira e o americano Edward Wible. Para mais informa√ß√µes, visite www.nubank.com.br.O time de Controladoria:A miss√£o do time de Controladoria √© garantir a correta contabiliza√ß√£o dos produtos oferecidos aos clientes Nubank e garantir que todas as informa√ß√µes cont√°beis e os relat√≥rios derivados dessas informa√ß√µes estejam aderentes aos requisitos regulat√≥rios e sejam entregues ao regulador dentro dos prazos existentes. O time atua desenvolvendo roteiros cont√°beis, reportes regulat√≥rios, controles, automatiza√ß√µes e estamos sempre pensando em formas de tornar nossos processos ainda mais eficientes. Al√©m disso, o time √© respons√°vel pelos aspectos cont√°beis e regulat√≥rios para os outros produtos como seguro de vida, shopping, entre outros.O desafio:Realizar fechamentos mensais, reportes regulat√≥rios, cria√ß√£o e manuten√ß√£o de controles automatizados e suporte aos times de produto e engenharia no desenvolvimento de novos produtos.Realizar controles de reconcilia√ß√£o de bases de dados complexas, fornecendo suporte na elabora√ß√£o das demonstra√ß√µes financeiras e atendendo √†s auditorias externa e interna.Suportar no desenvolvimento de diversas features relacionadas aos produtos oferecidos aos nossos clientes.Relacionar-se com auditores externos e internos, bem como com equipes de compliance e controles internos.Analisar novas transa√ß√µes e seu impacto na consolida√ß√£o e nas demonstra√ß√µes financeiras.O que estamos buscando:Conhecimentos em Demonstra√ß√µes Financeiras e Relat√≥rios Regulat√≥rios (CADOCs).Compreens√£o do Ambiente Regulat√≥rio Financeiro (BACEN).Conhecimentos Cont√°beis (Consolida√ß√£o, conhecimento em BR GAAP [COSIF] e IFRS).Boas habilidades de comunica√ß√£o (gerenciar diferentes partes interessadas ao mesmo tempo).Ingl√™s intermedi√°rio. 
16;" DESCRI√á√ÉO DA VAGAVoc√™ √© um expert na √°rea de dados? Domina Tableau e SQL?Se as suas respostas foram sim, estamos procurando por voc√™!#VEMPRAATENTORESPONSABILIDADES E ATRIBUI√á√ïESDesenvolver e enviar relat√≥rios em Tableau;Realizar levantamento de requisitos / mapeamento de processos;Participar de reuni√µes gerenciais;Realizar integra√ß√£o e pesquisa de informa√ß√µes em banco de dados SQL Server;Rotina em ETL (SSIS);Negociar demandas;Manter relacionamento com clientes internos.REQUISITOS E QUALIFICA√á√ïESEnsino Superior completo;Conhecimento avan√ßado em Tableau e SQL Server (procedures);Experi√™ncia com BI.INFORMA√á√ïES ADICIONAISJornada de Trabalho200h m√™s | Escala 5x2 com folgas aos s√°bados e domingosBenef√≠ciosAjuda de custo Home Office;Vale refei√ß√£o e/ou vale alimenta√ß√£o;Seguro de Vida;Aux√≠lio funeral;Aux√≠lio creche / Aux√≠lio crian√ßa com defici√™ncia;Desconto em Produtos Parceiros;Assist√™ncia Odontol√≥gica;Assist√™ncia M√©dica;Descontos em Academias / Pr√°ticas Esportivas;Parcerias educacionais com descontos em cursos;Plano de carreira.Local de Trabalho: S√£o Paulo - H√≠brido (Bairro do Lim√£o, pr√≥ximo a regi√£o da Barra Funda) "
17;" Apply now for a career that puts wellbeing first!GET TO KNOW USGympass is a corporate wellness platform that connects you to thousands of fitness & wellness partners, all with one simple monthly membership. Founded in 2012 and headquartered in NYC, we have a growing global team in 11 offices around the world. At Gympass, you not only have the opportunity to build a career in a fast-paced global environment - but you'll make wellbeing universal, so everyone can be happy and healthy. THE OPPORTUNITYWe are hiring a Data Analytics Specialist to our Customer Experience team in Brazil! As a Data Specialist focused on Customer Service Strategy your main goal is to optimize performance of different CX areas. You'll be responsible for identifying global opportunities and proposing action plans to maximize the results of the CX operations and initiatives, besides keeping a close relationship with other areas to guide Gympass service and product improvements.This role suits those who are analytically strong, proactive and want to make an impact by turning these opportunities into actions.YOUR IMPACTPerform strategic analysis aiming at performance optimization (efficiency and quality of the CX operation);Think outside the box to consolidate, structure and analyze data (qualitative and quantitative) related to customer service to identify opportunities and valuable insights to business;Monitor the customers experience throughout their Gympass journey, in order to identify root causes of their issues and opportunities to act quickly and ensure: user satisfaction, higher activation rates and LTV and lower churn;Collaborate closely with multiple areas / stakeholders in order to propose and enable action plans/ initiatives to achieve the area‚Äôs targets;Monitor existing/new initiatives to measure impact and effectivenessBuild structured reports to communicate insights and address opportunitiesWHO YOU ARERelevant experience in a consulting and/or analytical role, focus on customer service/ call center is a plusExperience in data analysis and interpretation (understands how to analyze metrics and data, in order to take appropriate action). Passion and curiosity for the consumer/customer and a desire to really make a difference;Excel, SQL and Python knowledge is required; Advanced writing and speaking English skills;Strong analytical, organizational, and communication skills.You have the ability to work both autonomously and collaborate in a team environmentYou enjoy working on multiple priorities and projectsWHAT WE OFFER YOUWe're a wellness company that is committed to the health and well-being of our employees. Our flexible program allows you to customize your benefits, according to your needs! Our benefits include:WELLNESS: Health, dental, and life insurance.FLEXIBLE WORK: Choose when and where you work. For most, this will be a hybrid office/remote structure but can vary depending on the needs of the role and employee preferences. We offer all employees a home office stipend and a monthly flexible work allowance to help cover the costs of working from home.FLEXIBLE SCHEDULE: We give our employees some flexibility to adjust their working hours, letting them adjust their starting time within a range of 3 hours. GYMPASS: We believe in our mission and encourage our employees and their families to find their passion too. Access onsite gyms and fitness studios, digital fitness programs, and online wellness resources for meditation, nutrition, mental health support, and more. You will receive the Gold plan at no cost, and other premium plans will be significantly discounted.PAID TIME OFF: We know how important it is that our employees take time away from work to recharge. BR: Vacations after 6 months and 3 days off per year + 1 day off for each year of tenure (up to 5 additional days) + extra day off for your birthday.PAID PARENTAL LEAVE: Welcoming a new child is one of the most special moments in your life and we want our employees to take the time to be present and enjoy their growing family.BR: 100% paid parental leave of 6 weeks to all new parents, of both biological and adopted children, regardless of gender and parent's relationship with the co-parent, Also extended maternity leave under local legislation CAREER GROWTH: Outstanding opportunities for personal and career growth. That means we maintain a growth mindset in everything we do and invest deeply in employee development.  CULTURE: An exciting and supportive atmosphere with ambitious people from around the world! You‚Äôll partner with global colleagues and share in the success of a high-growth technology company disrupting the health and wellness space. Our value-based culture of trust, flexibility, and integrity makes this possible every day. Find more info on our careers page!  And to get a glimpse of Life at Gympass‚Ä¶ Follow us on Instagram @gympasscareers and LinkedIn! "
18;" Vem ser Dasa. Somos a maior rede de sa√∫de integrada no Brasil. Juntos, mais de 50 mil colaboradores(as) e 250 mil m√©dicos(as) parceiros(as) est√£o presentes em cada etapa da jornada de cuidado e da experi√™ncia de mais de 20 milh√µes de pessoas por ano.Contamos com mais de 59 marcas entre medicina diagn√≥stica e hospitais, distribu√≠das em mais de 900 unidades no Brasil, al√©m de uma empresa reconhecida em gest√£o em cuidados. Acolhemos a vida, a sa√∫de e as rela√ß√µes, de forma integral e apaixonada, unindo ci√™ncia, alta tecnologia e inova√ß√£o para vivermos nosso prop√≥sito de ser a sa√∫de que as pessoas desejam e que o mundo precisa.O nosso dia a dia √© movido por uma cultura inspiradora e inclusiva, que busca a equidade, valoriza as diferen√ßas e empodera seus talentos para transformar.Fa√ßa parte hoje do futuro da sa√∫de. Seja um(a) #DasaLover.#VemPraDasa #DasaLovers #VemSerDasaüìå Importante: n√£o efetuamos cobran√ßas de taxas em nossos processos seletivos.RESPONSABILIDADES E ATRIBUI√á√ïES:Respons√°vel por desenhar o processo de aquisi√ß√£o, armazenagem e distribui√ß√£o dos dados,Garantir a qualidade da entrega de dados do RH compreendendo o problema proposto e quais os planos necess√°rios para resolv√™-lo por meio de entrevistas com o cliente internos e especialistas das √°reas, desenhando uma correta estrat√©gia de aquisi√ß√£o de dados que seja perform√°tica e segura;Atuar em problemas e melhorias de dados de RH de complexidade alta garantindo o padr√£o de qualidade de entrega do projeto;Ser refer√™ncia t√©cnica do time apoiando os n√≠veis inferiores com seu desenvolvimento t√©cnico;Propor melhorias frequentes de ferramentas e processos otimizando a entrega dos projetos das √°reas de RH;Estabelecer bom relacionamento e influ√™ncia com o cliente interno para maximizar os resultados positivos para todos os stakeholders envolvidos;Preocupar-se com a seguran√ßa dos dados garantindo que todas as regras de prote√ß√£o dos dados (LGDP) estejam sendo cumpridas;Garantir a confiabilidade dos dados armazenados quanto a qualidade, veracidade e disponibilidade, atrav√©s an√°lises e compara√ß√µes;Ser mantenedor das boas pr√°ticas de arquitetura de dados na √°rea de RH;Aplicar a melhor abordagem de armazenagem dos dados levando em considera√ß√£o o custo e efici√™ncia;Realizar a implementa√ß√£o e manuten√ß√£o de indicadores de RH de alta complexidade em Dataviz, baseando-se nas m√©tricas corporativas de Pessoas.REQUISITOS E QUALIFICA√á√ïES:Ter atuado com Arquitetura de Dados ou Engenharia de Dados;Banco de dados SQL (SQL Server) e NoSQL;Linguagem de Programa√ß√£o Python; G-Suite, principalmente Big Query;Dataflow, Cloud Composer, API, Cloud FunctionsFerramentas de visualiza√ß√£o, Tableau;Ferramentas de Gest√£o de Projetos e Controle de Versionamentos de desenvolvimento de scripts, preferencialmente Github e LGPD.Nossos benef√≠cios:Dasa Cuida;Gympass;Day Off no anivers√°rio;Clube de vantagens UAU (Descontos em empresas, universidades e tamb√©m em exames e vacinas);Bonifica√ß√£o por desemprenho (PLR atrelado a metas);Vale Transporte ou Desconto no Estacionamento;Plano de Sa√∫de;Vale Refei√ß√£o, refeit√≥rio e/ou Vale Alimenta√ß√£o, de acordo com localidade;Seguro de Vida. "
19; Company OverviewIf you see technology as there to smooth your path in life, our team does too: Your Path, Our Journey. We believe in people who transform their paths through technology. Technology that connects people who are good at what they do and which practices diversity to create and share those paths that we (as yet!) do not even know about. Our journey is in the smile of every talented person who brings revolution to the world from Brazil - whether with in-app transportation (99), meal delivery (99Food), or digital payments (99Pay). To make life easier for millions of people every day, we are in the driving seat as part of DiDi Chuxing, the world's largest transport, and convenient platform. And so, we can say, with great pride, that we are pioneers in creating solutions, starting in Brazil, that grow in scale and have positive impacts in a range of other countries. Whether creating projects from scratch or continually improving our solutions, we like challenges that give us butterflies, and that's why we work with intensity, at a fast pace, with respect, collaboration, and partnership. On this journey, we also create learning and strengthen ourselves in diversity as a fundamental aspect that makes us stand out for our growth day after dayTeam OverviewWe're looking for a passionate Growth Analyst who excels in critical thinking and analytical skills. In this role, you will be working closely with ride hailing teams globally to develop driver and passenger growth on Brazil. If you are a go-getter with a start-up spirit looking to create value you would be great with this teamRole Responsibilities- Improve our data capabilities, and help create dashboards and monitoring.- Run acquisition campaigns to new users to 99 platforms.- Design and implement incentives to improve engagement and retention.- Monitor efficiency and cost, and generate proposals for improving operational efficiency. Role Qualifications- Demonstrate experience in solving problems in complex environments.- Strong analytical skills and mindset.- Experience in building financial models and dashboards.- Good communication skills, both oral and written.- Ability to interact with and influence internal and external partners.- Self-motivation and agility to work independently.- Organization, time management and ease of decision making.- Intermediate English.EEO StatementYou'll love working at DiDi becauseWe create customer value ‚Äì We strive to always create valuable experiences for our users in everything we do. Our focus is to always innovate new experiences that are safe, pleasant, and efficient.We are data-driven ‚Äì We are strong believers in making informed decisions, that‚Äôs why we are data-driven. We can better navigate the business landscape strategically by analyzing valuable metrics.We believe in Win-win Collaboration ‚Äì Success is a team sport. When we work to help our partners and colleagues win, we win, too. While keeping everyone's best interest at heart, we communicate with candor and execute with excellence in all we do.We believe in integrity ‚Äì Integrity is at the very core of our business. We are people who always want to do the right thing. Our intentions are sincere, we speak our minds and listen to each other.We always strive to do better. That means venturing beyond our comfort zones, learning from our mistakes, and helping each other grow.We believe in Diversity and Inclusion ‚Äì Diversity is one of our biggest strengths. Our differences are what makes us distinct. We respect each other and believe in equal opportunities for all.Diversity & Inclusion Diversity is not a vision of the future or something we wish to have one day, it is a non-negotiable value of who we are. We practice inclusion, plurality, and respect. And we count on the governance of the Diversity Committee, which works together with HR, leadership and identity groups - 99Adapta, 99Afro, 99Cores, 99Mulheres, and 99Mam√£es. This part of our journey has been written, there remains a long road before us. We reinforce that this position is open to everyone, including pregnant people and people with disabilities (PwD). 
20;"                   Hello!!We are thrilled to have you here!!!We are growing and we would love to have you in our company but it¬¥s fair to say we¬¥ll have great people in the right places as soon as we have an open spot!Our open positions on the website are a talent pool vacancies and we¬¥ll reach out whenever we get an opening that fits better for you!So please, apply for the best opportunity you have and in the right moment, we¬¥ll be in touch!!About UsAB InBev is the leading global brewer and one of the world‚Äôs top 5 consumer product companies. With over 500 beer brands, we‚Äôre number one or two in many of the world‚Äôs top beer markets, including North America, Latin America, Europe, Asia, and Africa.About ABI Growth GroupABI‚Äôs Growth Division is the center of innovation and tech development within ABI, which is driving ABI‚Äôs growth by developing innovations for the core beer business and creating new hyper-growth tech businesses.ABI Growth includes the following business lines: BEES (our business-to-business e-commerce and SaaS business, also focused on new technologies), TaDa and Ze Delivery (our direct-to-consumer e-commerce businesses), and several other high-tech divisions, including fintech and venture capital.What you'll do:Be part of a cross-functional team, directly contributing to feature development and maintenance of a global product;Partner with colleagues to build and maintain tooling for test development, automation, and release processes improvement;Advocate for the user experience when communicating with product, design, and tech;Follow best development practices to achieve continuous improvement;Provide the team with a quality strategy that supports the team's delivery goals;Be constantly challenged to create world-class solutions.What you'll need:Advanced knowledge in Power BIAt least 1-2 years of experience in a quantitative and qualitative analysis role. Good understanding of statistical methods. BA/BS/MS in Math, Economics, Statistics, Engineering, Computer Science, or other quantitative field preferredAdvanced SQL expertiseExperience in a scripting language for analysis (Python) is a plusAbility to deliver on tight timelines and move quickly while maintaining attention to detail. Work closely with cross-functional teams to execute on decisions. Ability to learn new methodologies, adapt to business needs, and to prioritize business goals. Organized with the ability to work in a self-guided manner, but knows when to ask for help. Superb communication, collaboration, and organizational skills with a general love of problem solving.Solution-oriented mindsetExperience in projects of continuous improvement is a plusDatabricks Basic skillsWhat We Offer:Performance based bonus*Fourteen annual salaries* Private pension planMeal AllowanceCasual office and dress codeDays off*Health, dental, and life insuranceMedicines discountsGympass partnershipZenklub partnershipChildcare subsidiesDiscounts on Ambev products*Newvalue partnershipScholarship*School materials assuranceLanguage and training platformsTransport allowanceRules appliedEqual Opportunity & Affirmative Action:Bees is proud to be an Equal Opportunity and Affirmative Action employer. We do not discriminate based upon of race, color, national origin, gender, gender identity, sexual orientation, protected veteran status, disability, age, or other applicable legally protected characteristics.The following fields are optional, but anticipate the information for your registration*.Remember: your data will never be used as elimination criteria in selection processes. With them, Bees is able to analyze diversity and reduce biases in selection processes. We want to contribute to changing this reality by being an inclusive company.For more information: www.bees.com "
21;" DescriptionSobre a AddiSomos uma empresa de tecnologia que trabalha para transformar o cr√©dito e o setor financeiro na Am√©rica Latina, come√ßando pelo financiamento no ponto de venda. Nosso objetivo √© construir servi√ßos financeiros justos, simples e acess√≠veis que capacitem nossos clientes, tratando-os com dignidade e construindo a liberdade financeira. Iniciamos em fevereiro de 2019 e j√° atendemos milhares de clientes e desembolsamos milh√µes de d√≥lares.Atuamos como uma startup full-stack. Constru√≠mos nossos principais sistemas e processos do zero e acreditamos que nossa plataforma de tecnologia e an√°lise impulsionar√° nosso progresso nos pr√≥ximos anos. Chegamos a isso com profunda experi√™ncia na constru√ß√£o e crescimento de equipes de tecnologia e produtos financeiros. T√£o importante quanto o que fazemos √© como fazemos. Somos uma empresa consciente e profundamente comprometida em trabalhar e viver nossos cinco valores fundamentais - Somos uma empresa de s√≥cios que inspiram colegas, tiramos coelhos da cartola, nos importamos e confiamos, agimos com integridade, vencemos hoje todos os dias e escalamos exponencialmenteSomos apoiados por Andreessen Horowitz, Monashees, Village Global e uma excelente equipe de anjos individuais, incluindo Kevin Ryan, Josh Abramowitz e Scott Weiss.Miss√£oInteragir com os clientes da ADDI, entender e avaliar a situa√ß√£o de cada um para oferecer a melhorsolu√ß√£o poss√≠vel. Buscar, encontrar, implementar e compartilhar solu√ß√µes para melhorar nossosprocessos e a experi√™ncia do cliente.ResultadosClientes altamente satisfeitos em cada intera√ß√£o.Cria√ß√£o de Insights sobre o que nossos clientes t√™m mais probabilidade de responder e quais processos podem ser melhorados.RequirementsRequisitosEmpatia pelo cliente e capacidade de compreender as suas preocupa√ß√µes e d√∫vidas.Paci√™ncia e intelig√™ncia emocional para lidar com clientes chateados.Fortes habilidades de comunica√ß√£o (oral e escrita) em portugu√™s.Capacidade de usar ferramentas de computador, como suporte t√©cnico, pacote office e plataformas de comunica√ß√£o.Capacidade de entender como nosso neg√≥cio funciona.Trabalho em equipe. Capacidade de trabalhar em estreita colabora√ß√£o com outras equipes e membros da empresa.Capacidade de entender e seguir procedimentos e processos.Desejo de mudar ou melhorar a vida das pessoas prestando o melhor atendimento.Disponibilidade para trabalhar presencialmente em S√£o Paulo - SP (Regi√£o da Paulista).BenefitsBenef√≠ciosTrabalhe em um algo que realmente importa e ajuda a mudar a vida dos clientes.Grande oportunidade de mercado √† nossa frente; estamos crescendo mais r√°pido do que praticamente qualquer outra fintech similar cresceu em nosso est√°gio.Trabalhe ao lado de uma equipe grande e diversificada que se preocupa com o que estamos fazendo e como estamos fazendo.Remunera√ß√£o generosa, incluindo: Plano de Sa√∫de, Plano Odontol√≥gico, Vale Refei√ß√£o, Vale Alimenta√ß√£o, Mobilidade, Aux√≠lio Educacional, ZenKlub, Total Pass, Novos Valores e Op√ß√µes de A√ß√µes.DiferenciaisTer trabalhado em outras startups em est√°gio inicialGradua√ß√£o em Administra√ß√£o ou √°reas correlatas. "
